,Title-1,Title-2,Title-3,Title-4,Title-5,Title-6,Title-7,Title-8,Title-9,Title-10,Title-11,Title-12,Title-13,Title-14,Title-15,Title-16,Title-17,Title-18,Title-19,Title-20,Title-21,Title-22,Title-23
1,value-A-1,value-B-1,value-C-1,value-D-1,value-E-1,value-F-1,value-G-1,value--1,value-H-1,value-I-1,value-J-1,value-K-1,value-L-1,value-M-1,value-N-1,value-O-1,value-P-1,value-Q-1,value-R-1,value-S-1,value-T-1,value-U-1,value-V-1
2,value-A-2,value-B-2,value-C-2,value-D-2,value-E-2,value-F-2,value-G-2,value--2,value-H-2,value-I-2,value-J-2,value-K-2,value-L-2,value-M-2,value-N-2,value-O-2,value-P-2,value-Q-2,value-R-2,value-S-2,value-T-2,value-U-2,value-V-2
3,value-A-3,value-B-3,value-C-3,value-D-3,value-E-3,value-F-3,value-G-3,value--3,value-H-3,value-I-3,value-J-3,value-K-3,value-L-3,value-M-3,value-N-3,value-O-3,value-P-3,value-Q-3,value-R-3,value-S-3,value-T-3,value-U-3,value-V-3
4,value-A-4,value-B-4,value-C-4,value-D-4,value-E-4,value-F-4,value-G-4,value--4,value-H-4,value-I-4,value-J-4,value-K-4,value-L-4,value-M-4,value-N-4,value-O-4,value-P-4,value-Q-4,value-R-4,value-S-4,value-T-4,value-U-4,value-V-4
5,value-A-5,value-B-5,value-C-5,value-D-5,value-E-5,value-F-5,value-G-5,value--5,value-H-5,value-I-5,value-J-5,value-K-5,value-L-5,value-M-5,value-N-5,value-O-5,value-P-5,value-Q-5,value-R-5,value-S-5,value-T-5,value-U-5,value-V-5
6,value-A-6,value-B-6,value-C-6,value-D-6,value-E-6,value-F-6,value-G-6,value--6,value-H-6,value-I-6,value-J-6,value-K-6,value-L-6,value-M-6,value-N-6,value-O-6,value-P-6,value-Q-6,value-R-6,value-S-6,value-T-6,value-U-6,value-V-6
7,value-A-7,value-B-7,value-C-7,value-D-7,value-E-7,value-F-7,value-G-7,value--7,value-H-7,value-I-7,value-J-7,value-K-7,value-L-7,value-M-7,value-N-7,value-O-7,value-P-7,value-Q-7,value-R-7,value-S-7,value-T-7,value-U-7,value-V-7
8,value-A-8,value-B-8,value-C-8,value-D-8,value-E-8,value-F-8,value-G-8,value--8,value-H-8,value-I-8,value-J-8,value-K-8,value-L-8,value-M-8,value-N-8,value-O-8,value-P-8,value-Q-8,value-R-8,value-S-8,value-T-8,value-U-8,value-V-8
9,value-A-9,value-B-9,value-C-9,value-D-9,value-E-9,value-F-9,value-G-9,value--9,value-H-9,value-I-9,value-J-9,value-K-9,value-L-9,value-M-9,value-N-9,value-O-9,value-P-9,value-Q-9,value-R-9,value-S-9,value-T-9,value-U-9,value-V-9
10,value-A-10,value-B-10,value-C-10,value-D-10,value-E-10,value-F-10,value-G-10,value--10,value-H-10,value-I-10,value-J-10,value-K-10,value-L-10,value-M-10,value-N-10,value-O-10,value-P-10,value-Q-10,value-R-10,value-S-10,value-T-10,value-U-10,value-V-10
11,value-A-11,value-B-11,value-C-11,value-D-11,value-E-11,value-F-11,value-G-11,value--11,value-H-11,value-I-11,value-J-11,value-K-11,value-L-11,value-M-11,value-N-11,value-O-11,value-P-11,value-Q-11,value-R-11,value-S-11,value-T-11,value-U-11,value-V-11
12,value-A-12,value-B-12,value-C-12,value-D-12,value-E-12,value-F-12,value-G-12,value--12,value-H-12,value-I-12,value-J-12,value-K-12,value-L-12,value-M-12,value-N-12,value-O-12,value-P-12,value-Q-12,value-R-12,value-S-12,value-T-12,value-U-12,value-V-12
13,value-A-13,value-B-13,value-C-13,value-D-13,value-E-13,value-F-13,value-G-13,value--13,value-H-13,value-I-13,value-J-13,value-K-13,value-L-13,value-M-13,value-N-13,value-O-13,value-P-13,value-Q-13,value-R-13,value-S-13,value-T-13,value-U-13,value-V-13
14,value-A-14,value-B-14,value-C-14,value-D-14,value-E-14,value-F-14,value-G-14,value--14,value-H-14,value-I-14,value-J-14,value-K-14,value-L-14,value-M-14,value-N-14,value-O-14,value-P-14,value-Q-14,value-R-14,value-S-14,value-T-14,value-U-14,value-V-14
15,value-A-15,value-B-15,"value-C,15",value-D-15,value-E-15,value-F-15,value-G-15,value--15,value-H-15,value-I-15,value-J-15,value-K-15,value-L-15,value-M-15,value-N-15,value-O-15,value-P-15,value-Q-15,value-R-15,value-S-15,value-T-15,value-U-15,value-V-15
16,value-A-16,value-B-16,value-C-16,value-D-16,value-E-16,value-F-16,value-G-16,value--16,value-H-16,value-I-16,value-J-16,value-K-16,value-L-16,value-M-16,value-N-16,value-O-16,value-P-16,value-Q-16,value-R-16,value-S-16,value-T-16,value-U-16,value-V-16
17,value-A-17,value-B-17,value-C-17,value-D-17,value-E-17,value-F-17,value-G-17,value--17,value-H-17,value-I-17,value-J-17,value-K-17,value-L-17,value-M-17,value-N-17,value-O-17,value-P-17,value-Q-17,value-R-17,value-S-17,value-T-17,value-U-17,value-V-17
18,value-A-18,value-B-18,value-C-18,value-D-18,value-E-18,value-F-18,value-G-18,value--18,value-H-18,value-I-18,value-J-18,value-K-18,value-L-18,value-M-18,value-N-18,value-O-18,value-P-18,value-Q-18,value-R-18,value-S-18,value-T-18,value-U-18,value-V-18
19,value-A-19,value-B-19,value-C-19,value-D-19,value-E-19,value-F-19,value-G-19,value--19,value-H-19,value-I-19,value-J-19,value-K-19,value-L-19,value-M-19,value-N-19,value-O-19,value-P-19,value-Q-19,value-R-19,value-S-19,value-T-19,value-U-19,value-V-19
20,value-A-20,value-B-20,value-C-20,value-D-20,value-E-20,value-F-20,value-G-20,value--20,value-H-20,value-I-20,value-J-20,value-K-20,value-L-20,value-M-20,value-N-20,value-O-20,value-P-20,value-Q-20,value-R-20,value-S-20,value-T-20,value-U-20,value-V-20
21,value-A-21,value-B-21,value-C-21,value-D-21,value-E-21,value-F-21,value-G-21,value--21,value-H-21,value-I-21,value-J-21,value-K-21,value-L-21,value-M-21,value-N-21,value-O-21,value-P-21,value-Q-21,value-R-21,value-S-21,value-T-21,value-U-21,value-V-21
22,value-A-22,value-B-22,value-C-22,value-D-22,value-E-22,value-F-22,value-G-22,value--22,value-H-22,value-I-22,value-J-22,value-K-22,value-L-22,value-M-22,value-N-22,value-O-22,value-P-22,value-Q-22,value-R-22,value-S-22,value-T-22,value-U-22,value-V-22
23,value-A-23,value-B-23,value-C-23,value-D-23,value-E-23,value-F-23,value-G-23,value--23,value-H-23,value-I-23,value-J-23,value-K-23,value-L-23,value-M-23,value-N-23,value-O-23,value-P-23,value-Q-23,value-R-23,value-S-23,value-T-23,value-U-23,value-V-23
24,value-A-24,value-B-24,value-C-24,value-D-24,value-E-24,value-F-24,value-G-24,value--24,value-H-24,value-I-24,value-J-24,value-K-24,value-L-24,value-M-24,value-N-24,value-O-24,value-P-24,value-Q-24,value-R-24,value-S-24,value-T-24,value-U-24,value-V-24
25,value-A-25,value-B-25,value-C-25,value-D-25,value-E-25,value-F-25,value-G-25,value--25,value-H-25,value-I-25,value-J-25,value-K-25,value-L-25,value-M-25,value-N-25,value-O-25,value-P-25,value-Q-25,value-R-25,value-S-25,value-T-25,value-U-25,value-V-25
26,value-A-26,value-B-26,value-C-26,value-D-26,value-E-26,value-F-26,value-G-26,value--26,value-H-26,value-I-26,value-J-26,value-K-26,value-L-26,value-M-26,value-N-26,value-O-26,value-P-26,value-Q-26,value-R-26,value-S-26,value-T-26,value-U-26,value-V-26
27,value-A-27,value-B-27,value-C-27,value-D-27,value-E-27,value-F-27,value-G-27,value--27,value-H-27,value-I-27,value-J-27,value-K-27,value-L-27,value-M-27,value-N-27,value-O-27,value-P-27,value-Q-27,value-R-27,value-S-27,value-T-27,value-U-27,value-V-27
28,value-A-28,value-B-28,value-C-28,value-D-28,value-E-28,value-F-28,value-G-28,value--28,value-H-28,value-I-28,value-J-28,value-K-28,value-L-28,value-M-28,value-N-28,value-O-28,value-P-28,value-Q-28,value-R-28,value-S-28,value-T-28,value-U-28,value-V-28
29,value-A-29,value-B-29,value-C-29,value-D-29,value-E-29,value-F-29,value-G-29,value--29,value-H-29,value-I-29,value-J-29,value-K-29,value-L-29,value-M-29,value-N-29,value-O-29,value-P-29,value-Q-29,value-R-29,value-S-29,value-T-29,value-U-29,value-V-29
30,value-A-30,value-B-30,value-C-30,value-D-30,value-E-30,value-F-30,value-G-30,value--30,value-H-30,value-I-30,value-J-30,value-K-30,value-L-30,value-M-30,value-N-30,value-O-30,value-P-30,value-Q-30,value-R-30,value-S-30,value-T-30,value-U-30,value-V-30
31,value-A-31,value-B-31,value-C-31,value-D-31,value-E-31,value-F-31,value-G-31,value--31,value-H-31,value-I-31,value-J-31,value-K-31,value-L-31,value-M-31,value-N-31,value-O-31,value-P-31,value-Q-31,value-R-31,value-S-31,value-T-31,value-U-31,value-V-31
32,value-A-32,value-B-32,value-C-32,value-D-32,value-E-32,value-F-32,value-G-32,value--32,value-H-32,value-I-32,value-J-32,value-K-32,value-L-32,value-M-32,value-N-32,value-O-32,value-P-32,value-Q-32,value-R-32,value-S-32,value-T-32,value-U-32,value-V-32
33,value-A-33,value-B-33,value-C-33,value-D-33,value-E-33,value-F-33,value-G-33,value--33,value-H-33,value-I-33,value-J-33,value-K-33,value-L-33,value-M-33,value-N-33,value-O-33,value-P-33,value-Q-33,value-R-33,value-S-33,value-T-33,value-U-33,value-V-33
34,value-A-34,value-B-34,value-C-34,value-D-34,value-E-34,value-F-34,value-G-34,value--34,value-H-34,value-I-34,value-J-34,value-K-34,value-L-34,value-M-34,value-N-34,value-O-34,value-P-34,value-Q-34,value-R-34,value-S-34,value-T-34,value-U-34,value-V-34
35,value-A-35,value-B-35,value-C-35,value-D-35,value-E-35,value-F-35,value-G-35,value--35,value-H-35,value-I-35,value-J-35,value-K-35,value-L-35,value-M-35,value-N-35,value-O-35,value-P-35,value-Q-35,value-R-35,value-S-35,value-T-35,value-U-35,value-V-35
36,value-A-36,value-B-36,value-C-36,value-D-36,value-E-36,value-F-36,value-G-36,value--36,value-H-36,value-I-36,value-J-36,value-K-36,value-L-36,value-M-36,value-N-36,value-O-36,value-P-36,value-Q-36,value-R-36,value-S-36,value-T-36,value-U-36,value-V-36
37,value-A-37,value-B-37,value-C-37,value-D-37,value-E-37,value-F-37,value-G-37,value--37,value-H-37,value-I-37,value-J-37,value-K-37,value-L-37,value-M-37,value-N-37,value-O-37,value-P-37,value-Q-37,value-R-37,value-S-37,value-T-37,value-U-37,value-V-37
38,value-A-38,value-B-38,value-C-38,value-D-38,value-E-38,value-F-38,value-G-38,value--38,value-H-38,value-I-38,value-J-38,value-K-38,value-L-38,value-M-38,value-N-38,value-O-38,value-P-38,value-Q-38,value-R-38,value-S-38,value-T-38,value-U-38,value-V-38
39,value-A-39,value-B-39,value-C-39,value-D-39,value-E-39,value-F-39,value-G-39,value--39,value-H-39,value-I-39,value-J-39,value-K-39,value-L-39,value-M-39,value-N-39,value-O-39,value-P-39,value-Q-39,value-R-39,value-S-39,value-T-39,value-U-39,value-V-39
40,value-A-40,value-B-40,value-C-40,value-D-40,value-E-40,value-F-40,value-G-40,value--40,value-H-40,value-I-40,value-J-40,value-K-40,value-L-40,value-M-40,value-N-40,value-O-40,value-P-40,value-Q-40,value-R-40,value-S-40,value-T-40,value-U-40,value-V-40
41,value-A-41,value-B-41,value-C-41,value-D-41,value-E-41,value-F-41,value-G-41,value--41,value-H-41,value-I-41,value-J-41,value-K-41,value-L-41,value-M-41,value-N-41,value-O-41,value-P-41,value-Q-41,value-R-41,value-S-41,value-T-41,value-U-41,value-V-41
42,value-A-42,value-B-42,value-C-42,value-D-42,value-E-42,value-F-42,value-G-42,value--42,value-H-42,value-I-42,value-J-42,value-K-42,value-L-42,value-M-42,value-N-42,value-O-42,value-P-42,value-Q-42,value-R-42,value-S-42,value-T-42,value-U-42,value-V-42
43,value-A-43,value-B-43,value-C-43,value-D-43,value-E-43,value-F-43,value-G-43,value--43,value-H-43,value-I-43,value-J-43,value-K-43,value-L-43,value-M-43,value-N-43,value-O-43,value-P-43,value-Q-43,value-R-43,value-S-43,value-T-43,value-U-43,value-V-43
44,value-A-44,value-B-44,value-C-44,value-D-44,value-E-44,value-F-44,value-G-44,value--44,value-H-44,value-I-44,value-J-44,value-K-44,value-L-44,value-M-44,value-N-44,value-O-44,value-P-44,value-Q-44,value-R-44,value-S-44,value-T-44,value-U-44,value-V-44
45,value-A-45,value-B-45,value-C-45,value-D-45,value-E-45,value-F-45,value-G-45,value--45,value-H-45,value-I-45,value-J-45,value-K-45,value-L-45,value-M-45,value-N-45,value-O-45,value-P-45,value-Q-45,value-R-45,value-S-45,value-T-45,value-U-45,value-V-45
46,value-A-46,value-B-46,value-C-46,value-D-46,value-E-46,value-F-46,value-G-46,value--46,value-H-46,value-I-46,value-J-46,value-K-46,value-L-46,value-M-46,value-N-46,value-O-46,value-P-46,value-Q-46,value-R-46,value-S-46,value-T-46,value-U-46,value-V-46
47,value-A-47,value-B-47,value-C-47,value-D-47,value-E-47,value-F-47,value-G-47,value--47,value-H-47,value-I-47,value-J-47,value-K-47,value-L-47,value-M-47,value-N-47,value-O-47,value-P-47,value-Q-47,value-R-47,value-S-47,value-T-47,value-U-47,value-V-47
48,value-A-48,value-B-48,value-C-48,value-D-48,value-E-48,value-F-48,value-G-48,value--48,value-H-48,value-I-48,value-J-48,value-K-48,value-L-48,value-M-48,value-N-48,value-O-48,value-P-48,value-Q-48,value-R-48,value-S-48,value-T-48,value-U-48,value-V-48
49,value-A-49,value-B-49,value-C-49,value-D-49,value-E-49,value-F-49,value-G-49,value--49,value-H-49,value-I-49,value-J-49,value-K-49,value-L-49,value-M-49,value-N-49,value-O-49,value-P-49,value-Q-49,value-R-49,value-S-49,value-T-49,value-U-49,value-V-49
50,value-A-50,value-B-50,value-C-50,value-D-50,value-E-50,value-F-50,value-G-50,value--50,value-H-50,value-I-50,value-J-50,value-K-50,value-L-50,value-M-50,value-N-50,value-O-50,value-P-50,value-Q-50,value-R-50,value-S-50,value-T-50,value-U-50,value-V-50
51,value-A-51,value-B-51,value-C-51,value-D-51,value-E-51,value-F-51,value-G-51,value--51,value-H-51,value-I-51,value-J-51,value-K-51,value-L-51,value-M-51,value-N-51,value-O-51,value-P-51,value-Q-51,value-R-51,value-S-51,value-T-51,value-U-51,value-V-51
52,value-A-52,value-B-52,value-C-52,value-D-52,value-E-52,value-F-52,value-G-52,value--52,value-H-52,value-I-52,value-J-52,value-K-52,value-L-52,value-M-52,value-N-52,value-O-52,value-P-52,value-Q-52,value-R-52,value-S-52,value-T-52,value-U-52,value-V-52
53,value-A-53,value-B-53,value-C-53,value-D-53,value-E-53,value-F-53,value-G-53,value--53,value-H-53,value-I-53,value-J-53,value-K-53,value-L-53,value-M-53,value-N-53,value-O-53,value-P-53,value-Q-53,value-R-53,value-S-53,value-T-53,value-U-53,value-V-53
54,value-A-54,value-B-54,value-C-54,value-D-54,value-E-54,value-F-54,value-G-54,value--54,value-H-54,value-I-54,value-J-54,value-K-54,value-L-54,value-M-54,value-N-54,value-O-54,value-P-54,value-Q-54,value-R-54,value-S-54,value-T-54,value-U-54,value-V-54
55,value-A-55,value-B-55,value-C-55,value-D-55,value-E-55,value-F-55,value-G-55,value--55,value-H-55,value-I-55,value-J-55,value-K-55,value-L-55,value-M-55,value-N-55,value-O-55,value-P-55,value-Q-55,value-R-55,value-S-55,value-T-55,value-U-55,value-V-55
56,value-A-56,value-B-56,value-C-56,value-D-56,value-E-56,value-F-56,value-G-56,value--56,value-H-56,value-I-56,value-J-56,value-K-56,value-L-56,value-M-56,value-N-56,value-O-56,value-P-56,value-Q-56,value-R-56,value-S-56,value-T-56,value-U-56,value-V-56
57,value-A-57,value-B-57,value-C-57,value-D-57,value-E-57,value-F-57,value-G-57,value--57,value-H-57,value-I-57,value-J-57,value-K-57,value-L-57,value-M-57,value-N-57,value-O-57,value-P-57,value-Q-57,value-R-57,value-S-57,value-T-57,value-U-57,value-V-57
58,value-A-58,value-B-58,value-C-58,value-D-58,value-E-58,value-F-58,value-G-58,value--58,value-H-58,value-I-58,value-J-58,value-K-58,value-L-58,value-M-58,value-N-58,value-O-58,value-P-58,value-Q-58,value-R-58,value-S-58,value-T-58,value-U-58,value-V-58
59,value-A-59,value-B-59,value-C-59,value-D-59,value-E-59,value-F-59,value-G-59,value--59,value-H-59,value-I-59,value-J-59,value-K-59,value-L-59,value-M-59,value-N-59,value-O-59,value-P-59,value-Q-59,value-R-59,value-S-59,value-T-59,value-U-59,value-V-59
60,value-A-60,value-B-60,value-C-60,value-D-60,value-E-60,value-F-60,value-G-60,value--60,value-H-60,value-I-60,value-J-60,value-K-60,value-L-60,value-M-60,value-N-60,value-O-60,value-P-60,value-Q-60,value-R-60,value-S-60,value-T-60,value-U-60,value-V-60
61,value-A-61,value-B-61,value-C-61,value-D-61,value-E-61,value-F-61,value-G-61,value--61,value-H-61,value-I-61,value-J-61,value-K-61,value-L-61,value-M-61,value-N-61,value-O-61,value-P-61,value-Q-61,value-R-61,value-S-61,value-T-61,value-U-61,value-V-61
62,value-A-62,value-B-62,value-C-62,value-D-62,value-E-62,value-F-62,value-G-62,value--62,value-H-62,value-I-62,value-J-62,value-K-62,value-L-62,value-M-62,value-N-62,value-O-62,value-P-62,value-Q-62,value-R-62,value-S-62,value-T-62,value-U-62,value-V-62
63,value-A-63,value-B-63,value-C-63,value-D-63,value-E-63,value-F-63,value-G-63,value--63,value-H-63,value-I-63,value-J-63,value-K-63,value-L-63,value-M-63,value-N-63,value-O-63,value-P-63,value-Q-63,value-R-63,value-S-63,value-T-63,value-U-63,value-V-63
64,value-A-64,value-B-64,value-C-64,value-D-64,value-E-64,value-F-64,value-G-64,value--64,value-H-64,value-I-64,value-J-64,value-K-64,value-L-64,value-M-64,value-N-64,value-O-64,value-P-64,value-Q-64,value-R-64,value-S-64,value-T-64,value-U-64,value-V-64
65,value-A-65,value-B-65,value-C-65,value-D-65,value-E-65,value-F-65,value-G-65,value--65,value-H-65,value-I-65,value-J-65,value-K-65,value-L-65,value-M-65,value-N-65,value-O-65,value-P-65,value-Q-65,value-R-65,value-S-65,value-T-65,value-U-65,value-V-65
66,value-A-66,value-B-66,value-C-66,value-D-66,value-E-66,value-F-66,value-G-66,value--66,value-H-66,value-I-66,value-J-66,value-K-66,value-L-66,value-M-66,value-N-66,value-O-66,value-P-66,value-Q-66,value-R-66,value-S-66,value-T-66,value-U-66,value-V-66
67,value-A-67,value-B-67,value-C-67,value-D-67,value-E-67,value-F-67,value-G-67,value--67,value-H-67,value-I-67,value-J-67,value-K-67,value-L-67,value-M-67,value-N-67,value-O-67,value-P-67,value-Q-67,value-R-67,value-S-67,value-T-67,value-U-67,value-V-67
68,value-A-68,value-B-68,value-C-68,value-D-68,value-E-68,value-F-68,value-G-68,value--68,value-H-68,value-I-68,value-J-68,value-K-68,value-L-68,value-M-68,value-N-68,value-O-68,value-P-68,value-Q-68,value-R-68,value-S-68,value-T-68,value-U-68,value-V-68
69,value-A-69,value-B-69,value-C-69,value-D-69,value-E-69,value-F-69,value-G-69,value--69,value-H-69,value-I-69,value-J-69,value-K-69,value-L-69,value-M-69,value-N-69,value-O-69,value-P-69,value-Q-69,value-R-69,value-S-69,value-T-69,value-U-69,value-V-69
70,value-A-70,value-B-70,value-C-70,value-D-70,value-E-70,value-F-70,value-G-70,value--70,value-H-70,value-I-70,value-J-70,value-K-70,value-L-70,value-M-70,value-N-70,value-O-70,value-P-70,value-Q-70,value-R-70,value-S-70,value-T-70,value-U-70,value-V-70
71,value-A-71,value-B-71,value-C-71,value-D-71,value-E-71,value-F-71,value-G-71,value--71,value-H-71,value-I-71,value-J-71,value-K-71,value-L-71,value-M-71,value-N-71,value-O-71,value-P-71,value-Q-71,value-R-71,value-S-71,value-T-71,value-U-71,value-V-71
72,value-A-72,value-B-72,value-C-72,value-D-72,value-E-72,value-F-72,value-G-72,value--72,value-H-72,value-I-72,value-J-72,value-K-72,value-L-72,value-M-72,value-N-72,value-O-72,value-P-72,value-Q-72,value-R-72,value-S-72,value-T-72,value-U-72,value-V-72
73,value-A-73,value-B-73,value-C-73,value-D-73,value-E-73,value-F-73,value-G-73,value--73,value-H-73,value-I-73,value-J-73,value-K-73,value-L-73,value-M-73,value-N-73,value-O-73,value-P-73,value-Q-73,value-R-73,value-S-73,value-T-73,value-U-73,value-V-73
74,value-A-74,value-B-74,value-C-74,value-D-74,value-E-74,value-F-74,value-G-74,value--74,value-H-74,value-I-74,value-J-74,value-K-74,value-L-74,value-M-74,value-N-74,value-O-74,value-P-74,value-Q-74,value-R-74,value-S-74,value-T-74,value-U-74,value-V-74
75,value-A-75,value-B-75,value-C-75,value-D-75,value-E-75,value-F-75,value-G-75,value--75,value-H-75,value-I-75,value-J-75,value-K-75,value-L-75,value-M-75,value-N-75,value-O-75,value-P-75,value-Q-75,value-R-75,value-S-75,value-T-75,value-U-75,value-V-75
76,value-A-76,value-B-76,value-C-76,value-D-76,value-E-76,value-F-76,value-G-76,value--76,value-H-76,value-I-76,value-J-76,value-K-76,value-L-76,value-M-76,value-N-76,value-O-76,value-P-76,value-Q-76,value-R-76,value-S-76,value-T-76,value-U-76,value-V-76
77,value-A-77,value-B-77,value-C-77,value-D-77,value-E-77,value-F-77,value-G-77,value--77,value-H-77,value-I-77,value-J-77,value-K-77,value-L-77,value-M-77,value-N-77,value-O-77,value-P-77,value-Q-77,value-R-77,value-S-77,value-T-77,value-U-77,value-V-77
78,value-A-78,value-B-78,value-C-78,value-D-78,value-E-78,value-F-78,value-G-78,value--78,value-H-78,value-I-78,value-J-78,value-K-78,value-L-78,value-M-78,value-N-78,value-O-78,value-P-78,value-Q-78,value-R-78,value-S-78,value-T-78,value-U-78,value-V-78
79,value-A-79,value-B-79,value-C-79,value-D-79,value-E-79,value-F-79,value-G-79,value--79,value-H-79,value-I-79,value-J-79,value-K-79,value-L-79,value-M-79,value-N-79,value-O-79,value-P-79,value-Q-79,value-R-79,value-S-79,value-T-79,value-U-79,value-V-79
80,value-A-80,value-B-80,value-C-80,value-D-80,value-E-80,value-F-80,value-G-80,value--80,value-H-80,value-I-80,value-J-80,value-K-80,value-L-80,value-M-80,value-N-80,value-O-80,value-P-80,value-Q-80,value-R-80,value-S-80,value-T-80,value-U-80,value-V-80
81,value-A-81,value-B-81,value-C-81,value-D-81,value-E-81,value-F-81,value-G-81,value--81,value-H-81,value-I-81,value-J-81,value-K-81,value-L-81,value-M-81,value-N-81,value-O-81,value-P-81,value-Q-81,value-R-81,value-S-81,value-T-81,value-U-81,value-V-81
82,value-A-82,value-B-82,value-C-82,value-D-82,value-E-82,value-F-82,value-G-82,value--82,value-H-82,value-I-82,value-J-82,value-K-82,value-L-82,value-M-82,value-N-82,value-O-82,value-P-82,value-Q-82,value-R-82,value-S-82,value-T-82,value-U-82,value-V-82
83,value-A-83,value-B-83,value-C-83,value-D-83,value-E-83,value-F-83,value-G-83,value--83,value-H-83,value-I-83,value-J-83,value-K-83,value-L-83,value-M-83,value-N-83,value-O-83,value-P-83,value-Q-83,value-R-83,value-S-83,value-T-83,value-U-83,value-V-83
84,value-A-84,value-B-84,value-C-84,value-D-84,value-E-84,value-F-84,value-G-84,value--84,value-H-84,value-I-84,value-J-84,value-K-84,value-L-84,value-M-84,value-N-84,value-O-84,value-P-84,value-Q-84,value-R-84,value-S-84,value-T-84,value-U-84,value-V-84
85,value-A-85,value-B-85,value-C-85,value-D-85,value-E-85,value-F-85,value-G-85,value--85,value-H-85,value-I-85,value-J-85,value-K-85,value-L-85,value-M-85,value-N-85,value-O-85,value-P-85,value-Q-85,value-R-85,value-S-85,value-T-85,value-U-85,value-V-85
86,value-A-86,value-B-86,value-C-86,value-D-86,value-E-86,value-F-86,value-G-86,value--86,value-H-86,value-I-86,value-J-86,value-K-86,value-L-86,value-M-86,value-N-86,value-O-86,value-P-86,value-Q-86,value-R-86,value-S-86,value-T-86,value-U-86,value-V-86
87,value-A-87,value-B-87,value-C-87,value-D-87,value-E-87,value-F-87,value-G-87,value--87,value-H-87,value-I-87,value-J-87,value-K-87,value-L-87,value-M-87,value-N-87,value-O-87,value-P-87,value-Q-87,value-R-87,value-S-87,value-T-87,value-U-87,value-V-87
88,value-A-88,value-B-88,value-C-88,value-D-88,value-E-88,value-F-88,value-G-88,value--88,value-H-88,value-I-88,value-J-88,value-K-88,value-L-88,value-M-88,value-N-88,value-O-88,value-P-88,value-Q-88,value-R-88,value-S-88,value-T-88,value-U-88,value-V-88
89,value-A-89,value-B-89,value-C-89,value-D-89,value-E-89,value-F-89,value-G-89,value--89,value-H-89,value-I-89,value-J-89,value-K-89,value-L-89,value-M-89,value-N-89,value-O-89,value-P-89,value-Q-89,value-R-89,value-S-89,value-T-89,value-U-89,value-V-89
90,value-A-90,value-B-90,value-C-90,value-D-90,value-E-90,value-F-90,value-G-90,value--90,value-H-90,value-I-90,value-J-90,value-K-90,value-L-90,value-M-90,value-N-90,value-O-90,value-P-90,value-Q-90,value-R-90,value-S-90,value-T-90,value-U-90,value-V-90
91,value-A-91,value-B-91,value-C-91,value-D-91,value-E-91,value-F-91,value-G-91,value--91,value-H-91,value-I-91,value-J-91,value-K-91,value-L-91,value-M-91,value-N-91,value-O-91,value-P-91,value-Q-91,value-R-91,value-S-91,value-T-91,value-U-91,value-V-91
92,value-A-92,value-B-92,value-C-92,value-D-92,value-E-92,value-F-92,value-G-92,value--92,value-H-92,value-I-92,value-J-92,value-K-92,value-L-92,value-M-92,value-N-92,value-O-92,value-P-92,value-Q-92,value-R-92,value-S-92,value-T-92,value-U-92,value-V-92
93,value-A-93,value-B-93,value-C-93,value-D-93,value-E-93,value-F-93,value-G-93,value--93,value-H-93,value-I-93,value-J-93,value-K-93,value-L-93,value-M-93,value-N-93,value-O-93,value-P-93,value-Q-93,value-R-93,value-S-93,value-T-93,value-U-93,value-V-93
94,value-A-94,value-B-94,value-C-94,value-D-94,value-E-94,value-F-94,value-G-94,value--94,value-H-94,value-I-94,value-J-94,value-K-94,value-L-94,value-M-94,value-N-94,value-O-94,value-P-94,value-Q-94,value-R-94,value-S-94,value-T-94,value-U-94,value-V-94
95,value-A-95,value-B-95,value-C-95,value-D-95,value-E-95,value-F-95,value-G-95,value--95,value-H-95,value-I-95,value-J-95,value-K-95,value-L-95,value-M-95,value-N-95,value-O-95,value-P-95,value-Q-95,value-R-95,value-S-95,value-T-95,value-U-95,value-V-95
96,value-A-96,value-B-96,value-C-96,value-D-96,value-E-96,value-F-96,value-G-96,value--96,value-H-96,value-I-96,value-J-96,value-K-96,value-L-96,value-M-96,value-N-96,value-O-96,value-P-96,value-Q-96,value-R-96,value-S-96,value-T-96,value-U-96,value-V-96
97,value-A-97,value-B-97,value-C-97,value-D-97,value-E-97,value-F-97,value-G-97,value--97,value-H-97,value-I-97,value-J-97,value-K-97,value-L-97,value-M-97,value-N-97,value-O-97,value-P-97,value-Q-97,value-R-97,value-S-97,value-T-97,value-U-97,value-V-97
98,value-A-98,value-B-98,value-C-98,value-D-98,value-E-98,value-F-98,value-G-98,value--98,value-H-98,value-I-98,value-J-98,value-K-98,value-L-98,value-M-98,value-N-98,value-O-98,value-P-98,value-Q-98,value-R-98,value-S-98,value-T-98,value-U-98,value-V-98
99,value-A-99,value-B-99,value-C-99,value-D-99,value-E-99,value-F-99,value-G-99,value--99,value-H-99,value-I-99,value-J-99,value-K-99,value-L-99,value-M-99,value-N-99,value-O-99,value-P-99,value-Q-99,value-R-99,value-S-99,value-T-99,value-U-99,value-V-99
100,value-A-100,value-B-100,value-C-100,value-D-100,value-E-100,value-F-100,value-G-100,value--100,value-H-100,value-I-100,value-J-100,value-K-100,value-L-100,value-M-100,value-N-100,value-O-100,value-P-100,value-Q-100,value-R-100,value-S-100,value-T-100,value-U-100,value-V-100
101,value-A-101,value-B-101,value-C-101,value-D-101,value-E-101,value-F-101,value-G-101,value--101,value-H-101,value-I-101,value-J-101,value-K-101,value-L-101,value-M-101,value-N-101,value-O-101,value-P-101,value-Q-101,value-R-101,value-S-101,value-T-101,value-U-101,value-V-101
102,value-A-102,value-B-102,value-C-102,value-D-102,value-E-102,value-F-102,value-G-102,value--102,value-H-102,value-I-102,value-J-102,value-K-102,value-L-102,value-M-102,value-N-102,value-O-102,value-P-102,value-Q-102,value-R-102,value-S-102,value-T-102,value-U-102,value-V-102
103,value-A-103,value-B-103,value-C-103,value-D-103,value-E-103,value-F-103,value-G-103,value--103,value-H-103,value-I-103,value-J-103,value-K-103,value-L-103,value-M-103,value-N-103,value-O-103,value-P-103,value-Q-103,value-R-103,value-S-103,value-T-103,value-U-103,value-V-103
104,value-A-104,value-B-104,value-C-104,value-D-104,value-E-104,value-F-104,value-G-104,value--104,value-H-104,value-I-104,value-J-104,value-K-104,value-L-104,value-M-104,value-N-104,value-O-104,value-P-104,value-Q-104,value-R-104,value-S-104,value-T-104,value-U-104,value-V-104
105,value-A-105,value-B-105,value-C-105,value-D-105,value-E-105,value-F-105,value-G-105,value--105,value-H-105,value-I-105,value-J-105,value-K-105,value-L-105,value-M-105,value-N-105,value-O-105,value-P-105,value-Q-105,value-R-105,value-S-105,value-T-105,value-U-105,value-V-105
106,value-A-106,value-B-106,value-C-106,value-D-106,value-E-106,value-F-106,value-G-106,value--106,value-H-106,value-I-106,value-J-106,value-K-106,value-L-106,value-M-106,value-N-106,value-O-106,value-P-106,value-Q-106,value-R-106,value-S-106,value-T-106,value-U-106,value-V-106
107,value-A-107,value-B-107,value-C-107,value-D-107,value-E-107,value-F-107,value-G-107,value--107,value-H-107,value-I-107,value-J-107,value-K-107,value-L-107,value-M-107,value-N-107,value-O-107,value-P-107,value-Q-107,value-R-107,value-S-107,value-T-107,value-U-107,value-V-107
108,value-A-108,value-B-108,value-C-108,value-D-108,value-E-108,value-F-108,value-G-108,value--108,value-H-108,value-I-108,value-J-108,value-K-108,value-L-108,value-M-108,value-N-108,value-O-108,value-P-108,value-Q-108,value-R-108,value-S-108,value-T-108,value-U-108,value-V-108
109,value-A-109,value-B-109,value-C-109,value-D-109,value-E-109,value-F-109,value-G-109,value--109,value-H-109,value-I-109,value-J-109,value-K-109,value-L-109,value-M-109,value-N-109,value-O-109,value-P-109,value-Q-109,value-R-109,value-S-109,value-T-109,value-U-109,value-V-109
110,value-A-110,value-B-110,value-C-110,value-D-110,value-E-110,value-F-110,value-G-110,value--110,value-H-110,value-I-110,value-J-110,value-K-110,value-L-110,value-M-110,value-N-110,value-O-110,value-P-110,value-Q-110,value-R-110,value-S-110,value-T-110,value-U-110,value-V-110
111,value-A-111,value-B-111,value-C-111,value-D-111,value-E-111,value-F-111,value-G-111,value--111,value-H-111,value-I-111,value-J-111,value-K-111,value-L-111,value-M-111,value-N-111,value-O-111,value-P-111,value-Q-111,value-R-111,value-S-111,value-T-111,value-U-111,value-V-111
112,value-A-112,value-B-112,value-C-112,value-D-112,value-E-112,value-F-112,value-G-112,value--112,value-H-112,value-I-112,value-J-112,value-K-112,value-L-112,value-M-112,value-N-112,value-O-112,value-P-112,value-Q-112,value-R-112,value-S-112,value-T-112,value-U-112,value-V-112
113,value-A-113,value-B-113,value-C-113,value-D-113,value-E-113,value-F-113,value-G-113,value--113,value-H-113,value-I-113,value-J-113,value-K-113,value-L-113,value-M-113,value-N-113,value-O-113,value-P-113,value-Q-113,value-R-113,value-S-113,value-T-113,value-U-113,value-V-113
114,value-A-114,value-B-114,value-C-114,value-D-114,value-E-114,value-F-114,value-G-114,value--114,value-H-114,value-I-114,value-J-114,value-K-114,value-L-114,value-M-114,value-N-114,value-O-114,value-P-114,value-Q-114,value-R-114,value-S-114,value-T-114,value-U-114,value-V-114
115,value-A-115,value-B-115,value-C-115,value-D-115,value-E-115,value-F-115,value-G-115,value--115,value-H-115,value-I-115,value-J-115,value-K-115,value-L-115,value-M-115,value-N-115,value-O-115,value-P-115,value-Q-115,value-R-115,value-S-115,value-T-115,value-U-115,value-V-115
116,value-A-116,value-B-116,value-C-116,value-D-116,value-E-116,value-F-116,value-G-116,value--116,value-H-116,value-I-116,value-J-116,value-K-116,value-L-116,value-M-116,value-N-116,value-O-116,value-P-116,value-Q-116,value-R-116,value-S-116,value-T-116,value-U-116,value-V-116
117,value-A-117,value-B-117,value-C-117,value-D-117,value-E-117,value-F-117,value-G-117,value--117,value-H-117,value-I-117,value-J-117,value-K-117,value-L-117,value-M-117,value-N-117,value-O-117,value-P-117,value-Q-117,value-R-117,value-S-117,value-T-117,value-U-117,value-V-117
118,value-A-118,value-B-118,value-C-118,value-D-118,value-E-118,value-F-118,value-G-118,value--118,value-H-118,value-I-118,value-J-118,value-K-118,value-L-118,value-M-118,value-N-118,value-O-118,value-P-118,value-Q-118,value-R-118,value-S-118,value-T-118,value-U-118,value-V-118
119,value-A-119,value-B-119,value-C-119,value-D-119,value-E-119,value-F-119,value-G-119,value--119,value-H-119,value-I-119,value-J-119,value-K-119,value-L-119,value-M-119,value-N-119,value-O-119,value-P-119,value-Q-119,value-R-119,value-S-119,value-T-119,value-U-119,value-V-119
120,value-A-120,value-B-120,value-C-120,value-D-120,value-E-120,value-F-120,value-G-120,value--120,value-H-120,value-I-120,value-J-120,value-K-120,value-L-120,value-M-120,value-N-120,value-O-120,value-P-120,value-Q-120,value-R-120,value-S-120,value-T-120,value-U-120,value-V-120
121,value-A-121,value-B-121,value-C-121,value-D-121,value-E-121,value-F-121,value-G-121,value--121,value-H-121,value-I-121,value-J-121,value-K-121,value-L-121,value-M-121,value-N-121,value-O-121,value-P-121,value-Q-121,value-R-121,value-S-121,value-T-121,value-U-121,value-V-121
122,value-A-122,value-B-122,value-C-122,value-D-122,value-E-122,value-F-122,value-G-122,value--122,value-H-122,value-I-122,value-J-122,value-K-122,value-L-122,value-M-122,value-N-122,value-O-122,value-P-122,value-Q-122,value-R-122,value-S-122,value-T-122,value-U-122,value-V-122
123,value-A-123,value-B-123,value-C-123,value-D-123,value-E-123,value-F-123,value-G-123,value--123,value-H-123,value-I-123,value-J-123,value-K-123,value-L-123,value-M-123,value-N-123,value-O-123,value-P-123,value-Q-123,value-R-123,value-S-123,value-T-123,value-U-123,value-V-123
124,value-A-124,value-B-124,value-C-124,value-D-124,value-E-124,value-F-124,value-G-124,value--124,value-H-124,value-I-124,value-J-124,value-K-124,value-L-124,value-M-124,value-N-124,value-O-124,value-P-124,value-Q-124,value-R-124,value-S-124,value-T-124,value-U-124,value-V-124
125,value-A-125,value-B-125,value-C-125,value-D-125,value-E-125,value-F-125,value-G-125,value--125,value-H-125,value-I-125,value-J-125,value-K-125,value-L-125,value-M-125,value-N-125,value-O-125,value-P-125,value-Q-125,value-R-125,value-S-125,value-T-125,value-U-125,value-V-125
126,value-A-126,value-B-126,value-C-126,value-D-126,value-E-126,value-F-126,value-G-126,value--126,value-H-126,value-I-126,value-J-126,value-K-126,value-L-126,value-M-126,value-N-126,value-O-126,value-P-126,value-Q-126,value-R-126,value-S-126,value-T-126,value-U-126,value-V-126
127,value-A-127,value-B-127,value-C-127,value-D-127,value-E-127,value-F-127,value-G-127,value--127,value-H-127,value-I-127,value-J-127,value-K-127,value-L-127,value-M-127,value-N-127,value-O-127,value-P-127,value-Q-127,value-R-127,value-S-127,value-T-127,value-U-127,value-V-127
128,value-A-128,value-B-128,value-C-128,value-D-128,value-E-128,value-F-128,value-G-128,value--128,value-H-128,value-I-128,value-J-128,value-K-128,value-L-128,value-M-128,value-N-128,value-O-128,value-P-128,value-Q-128,value-R-128,value-S-128,value-T-128,value-U-128,value-V-128
129,value-A-129,value-B-129,value-C-129,value-D-129,value-E-129,value-F-129,value-G-129,value--129,value-H-129,value-I-129,value-J-129,value-K-129,value-L-129,value-M-129,value-N-129,value-O-129,value-P-129,value-Q-129,value-R-129,value-S-129,value-T-129,value-U-129,value-V-129
130,value-A-130,value-B-130,value-C-130,value-D-130,value-E-130,value-F-130,value-G-130,value--130,value-H-130,value-I-130,value-J-130,value-K-130,value-L-130,value-M-130,value-N-130,value-O-130,value-P-130,value-Q-130,value-R-130,value-S-130,value-T-130,value-U-130,value-V-130
131,value-A-131,value-B-131,value-C-131,value-D-131,value-E-131,value-F-131,value-G-131,value--131,value-H-131,value-I-131,value-J-131,value-K-131,value-L-131,value-M-131,value-N-131,value-O-131,value-P-131,value-Q-131,value-R-131,value-S-131,value-T-131,value-U-131,value-V-131
132,value-A-132,value-B-132,value-C-132,value-D-132,value-E-132,value-F-132,value-G-132,value--132,value-H-132,value-I-132,value-J-132,value-K-132,value-L-132,value-M-132,value-N-132,value-O-132,value-P-132,value-Q-132,value-R-132,value-S-132,value-T-132,value-U-132,value-V-132
133,value-A-133,value-B-133,value-C-133,value-D-133,value-E-133,value-F-133,value-G-133,value--133,value-H-133,value-I-133,value-J-133,value-K-133,value-L-133,value-M-133,value-N-133,value-O-133,value-P-133,value-Q-133,value-R-133,value-S-133,value-T-133,value-U-133,value-V-133
134,value-A-134,value-B-134,value-C-134,value-D-134,value-E-134,value-F-134,value-G-134,value--134,value-H-134,value-I-134,value-J-134,value-K-134,value-L-134,value-M-134,value-N-134,value-O-134,value-P-134,value-Q-134,value-R-134,value-S-134,value-T-134,value-U-134,value-V-134
135,value-A-135,value-B-135,value-C-135,value-D-135,value-E-135,value-F-135,value-G-135,value--135,value-H-135,value-I-135,value-J-135,value-K-135,value-L-135,value-M-135,value-N-135,value-O-135,value-P-135,value-Q-135,value-R-135,value-S-135,value-T-135,value-U-135,value-V-135
136,value-A-136,value-B-136,value-C-136,value-D-136,value-E-136,value-F-136,value-G-136,value--136,value-H-136,value-I-136,value-J-136,value-K-136,value-L-136,value-M-136,value-N-136,value-O-136,value-P-136,value-Q-136,value-R-136,value-S-136,value-T-136,value-U-136,value-V-136
137,value-A-137,value-B-137,value-C-137,value-D-137,value-E-137,value-F-137,value-G-137,value--137,value-H-137,value-I-137,value-J-137,value-K-137,value-L-137,value-M-137,value-N-137,value-O-137,value-P-137,value-Q-137,value-R-137,value-S-137,value-T-137,value-U-137,value-V-137
138,value-A-138,value-B-138,value-C-138,value-D-138,value-E-138,value-F-138,value-G-138,value--138,value-H-138,value-I-138,value-J-138,value-K-138,value-L-138,value-M-138,value-N-138,value-O-138,value-P-138,value-Q-138,value-R-138,value-S-138,value-T-138,value-U-138,value-V-138
139,value-A-139,value-B-139,value-C-139,value-D-139,value-E-139,value-F-139,value-G-139,value--139,value-H-139,value-I-139,value-J-139,value-K-139,value-L-139,value-M-139,value-N-139,value-O-139,value-P-139,value-Q-139,value-R-139,value-S-139,value-T-139,value-U-139,value-V-139
140,value-A-140,value-B-140,value-C-140,value-D-140,value-E-140,value-F-140,value-G-140,value--140,value-H-140,value-I-140,value-J-140,value-K-140,value-L-140,value-M-140,value-N-140,value-O-140,value-P-140,value-Q-140,value-R-140,value-S-140,value-T-140,value-U-140,value-V-140
141,value-A-141,value-B-141,value-C-141,value-D-141,value-E-141,value-F-141,value-G-141,value--141,value-H-141,value-I-141,value-J-141,value-K-141,value-L-141,value-M-141,value-N-141,value-O-141,value-P-141,value-Q-141,value-R-141,value-S-141,value-T-141,value-U-141,value-V-141
142,value-A-142,value-B-142,value-C-142,value-D-142,value-E-142,value-F-142,value-G-142,value--142,value-H-142,value-I-142,value-J-142,value-K-142,value-L-142,value-M-142,value-N-142,value-O-142,value-P-142,value-Q-142,value-R-142,value-S-142,value-T-142,value-U-142,value-V-142
143,value-A-143,value-B-143,value-C-143,value-D-143,value-E-143,value-F-143,value-G-143,value--143,value-H-143,value-I-143,value-J-143,value-K-143,value-L-143,value-M-143,value-N-143,value-O-143,value-P-143,value-Q-143,value-R-143,value-S-143,value-T-143,value-U-143,value-V-143
144,value-A-144,value-B-144,value-C-144,value-D-144,value-E-144,value-F-144,value-G-144,value--144,value-H-144,value-I-144,value-J-144,value-K-144,value-L-144,value-M-144,value-N-144,value-O-144,value-P-144,value-Q-144,value-R-144,value-S-144,value-T-144,value-U-144,value-V-144
145,value-A-145,value-B-145,value-C-145,value-D-145,value-E-145,value-F-145,value-G-145,value--145,value-H-145,value-I-145,value-J-145,value-K-145,value-L-145,value-M-145,value-N-145,value-O-145,value-P-145,value-Q-145,value-R-145,value-S-145,value-T-145,value-U-145,value-V-145
146,value-A-146,value-B-146,value-C-146,value-D-146,value-E-146,value-F-146,value-G-146,value--146,value-H-146,value-I-146,value-J-146,value-K-146,value-L-146,value-M-146,value-N-146,value-O-146,value-P-146,value-Q-146,value-R-146,value-S-146,value-T-146,value-U-146,value-V-146
147,value-A-147,value-B-147,value-C-147,value-D-147,value-E-147,value-F-147,value-G-147,value--147,value-H-147,value-I-147,value-J-147,value-K-147,value-L-147,value-M-147,value-N-147,value-O-147,value-P-147,value-Q-147,value-R-147,value-S-147,value-T-147,value-U-147,value-V-147
148,value-A-148,value-B-148,value-C-148,value-D-148,value-E-148,value-F-148,value-G-148,value--148,value-H-148,value-I-148,value-J-148,value-K-148,value-L-148,value-M-148,value-N-148,value-O-148,value-P-148,value-Q-148,value-R-148,value-S-148,value-T-148,value-U-148,value-V-148
149,value-A-149,value-B-149,value-C-149,value-D-149,value-E-149,value-F-149,value-G-149,value--149,value-H-149,value-I-149,value-J-149,value-K-149,value-L-149,value-M-149,value-N-149,value-O-149,value-P-149,value-Q-149,value-R-149,value-S-149,value-T-149,value-U-149,value-V-149
150,value-A-150,value-B-150,value-C-150,value-D-150,value-E-150,value-F-150,value-G-150,value--150,value-H-150,value-I-150,value-J-150,value-K-150,value-L-150,value-M-150,value-N-150,value-O-150,value-P-150,value-Q-150,value-R-150,value-S-150,value-T-150,value-U-150,value-V-150
151,value-A-151,value-B-151,value-C-151,value-D-151,value-E-151,value-F-151,value-G-151,value--151,value-H-151,value-I-151,value-J-151,value-K-151,value-L-151,value-M-151,value-N-151,value-O-151,value-P-151,value-Q-151,value-R-151,value-S-151,value-T-151,value-U-151,value-V-151
152,value-A-152,value-B-152,value-C-152,value-D-152,value-E-152,value-F-152,value-G-152,value--152,value-H-152,value-I-152,value-J-152,value-K-152,value-L-152,value-M-152,value-N-152,value-O-152,value-P-152,value-Q-152,value-R-152,value-S-152,value-T-152,value-U-152,value-V-152
153,value-A-153,value-B-153,value-C-153,value-D-153,value-E-153,value-F-153,value-G-153,value--153,value-H-153,value-I-153,value-J-153,value-K-153,value-L-153,value-M-153,value-N-153,value-O-153,value-P-153,value-Q-153,value-R-153,value-S-153,value-T-153,value-U-153,value-V-153
154,value-A-154,value-B-154,value-C-154,value-D-154,value-E-154,value-F-154,value-G-154,value--154,value-H-154,value-I-154,value-J-154,value-K-154,value-L-154,value-M-154,value-N-154,value-O-154,value-P-154,value-Q-154,value-R-154,value-S-154,value-T-154,value-U-154,value-V-154
155,value-A-155,value-B-155,value-C-155,value-D-155,value-E-155,value-F-155,value-G-155,value--155,value-H-155,value-I-155,value-J-155,value-K-155,value-L-155,value-M-155,value-N-155,value-O-155,value-P-155,value-Q-155,value-R-155,value-S-155,value-T-155,value-U-155,value-V-155
156,value-A-156,value-B-156,value-C-156,value-D-156,value-E-156,value-F-156,value-G-156,value--156,value-H-156,value-I-156,value-J-156,value-K-156,value-L-156,value-M-156,value-N-156,value-O-156,value-P-156,value-Q-156,value-R-156,value-S-156,value-T-156,value-U-156,value-V-156
157,value-A-157,value-B-157,value-C-157,value-D-157,value-E-157,value-F-157,value-G-157,value--157,value-H-157,value-I-157,value-J-157,value-K-157,value-L-157,value-M-157,value-N-157,value-O-157,value-P-157,value-Q-157,value-R-157,value-S-157,value-T-157,value-U-157,value-V-157
158,value-A-158,value-B-158,value-C-158,value-D-158,value-E-158,value-F-158,value-G-158,value--158,value-H-158,value-I-158,value-J-158,value-K-158,value-L-158,value-M-158,value-N-158,value-O-158,value-P-158,value-Q-158,value-R-158,value-S-158,value-T-158,value-U-158,value-V-158
159,value-A-159,value-B-159,value-C-159,value-D-159,value-E-159,value-F-159,value-G-159,value--159,value-H-159,value-I-159,value-J-159,value-K-159,value-L-159,value-M-159,value-N-159,value-O-159,value-P-159,value-Q-159,value-R-159,value-S-159,value-T-159,value-U-159,value-V-159
160,value-A-160,value-B-160,value-C-160,value-D-160,value-E-160,value-F-160,value-G-160,value--160,value-H-160,value-I-160,value-J-160,value-K-160,value-L-160,value-M-160,value-N-160,value-O-160,value-P-160,value-Q-160,value-R-160,value-S-160,value-T-160,value-U-160,value-V-160
161,value-A-161,value-B-161,value-C-161,value-D-161,value-E-161,value-F-161,value-G-161,value--161,value-H-161,value-I-161,value-J-161,value-K-161,value-L-161,value-M-161,value-N-161,value-O-161,value-P-161,value-Q-161,value-R-161,value-S-161,value-T-161,value-U-161,value-V-161
162,value-A-162,value-B-162,value-C-162,value-D-162,value-E-162,value-F-162,value-G-162,value--162,value-H-162,value-I-162,value-J-162,value-K-162,value-L-162,value-M-162,value-N-162,value-O-162,value-P-162,value-Q-162,value-R-162,value-S-162,value-T-162,value-U-162,value-V-162
163,value-A-163,value-B-163,value-C-163,value-D-163,value-E-163,value-F-163,value-G-163,value--163,value-H-163,value-I-163,value-J-163,value-K-163,value-L-163,value-M-163,value-N-163,value-O-163,value-P-163,value-Q-163,value-R-163,value-S-163,value-T-163,value-U-163,value-V-163
164,value-A-164,value-B-164,value-C-164,value-D-164,value-E-164,value-F-164,value-G-164,value--164,value-H-164,value-I-164,value-J-164,value-K-164,value-L-164,value-M-164,value-N-164,value-O-164,value-P-164,value-Q-164,value-R-164,value-S-164,value-T-164,value-U-164,value-V-164
165,value-A-165,value-B-165,value-C-165,value-D-165,value-E-165,value-F-165,value-G-165,value--165,value-H-165,value-I-165,value-J-165,value-K-165,value-L-165,value-M-165,value-N-165,value-O-165,value-P-165,value-Q-165,value-R-165,value-S-165,value-T-165,value-U-165,value-V-165
166,value-A-166,value-B-166,value-C-166,value-D-166,value-E-166,value-F-166,value-G-166,value--166,value-H-166,value-I-166,value-J-166,value-K-166,value-L-166,value-M-166,value-N-166,value-O-166,value-P-166,value-Q-166,value-R-166,value-S-166,value-T-166,value-U-166,value-V-166
167,value-A-167,value-B-167,value-C-167,value-D-167,value-E-167,value-F-167,value-G-167,value--167,value-H-167,value-I-167,value-J-167,value-K-167,value-L-167,value-M-167,value-N-167,value-O-167,value-P-167,value-Q-167,value-R-167,value-S-167,value-T-167,value-U-167,value-V-167
168,value-A-168,value-B-168,value-C-168,value-D-168,value-E-168,value-F-168,value-G-168,value--168,value-H-168,value-I-168,value-J-168,value-K-168,value-L-168,value-M-168,value-N-168,value-O-168,value-P-168,value-Q-168,value-R-168,value-S-168,value-T-168,value-U-168,value-V-168
169,value-A-169,value-B-169,value-C-169,value-D-169,value-E-169,value-F-169,value-G-169,value--169,value-H-169,value-I-169,value-J-169,value-K-169,value-L-169,value-M-169,value-N-169,value-O-169,value-P-169,value-Q-169,value-R-169,value-S-169,value-T-169,value-U-169,value-V-169
170,value-A-170,value-B-170,value-C-170,value-D-170,value-E-170,value-F-170,value-G-170,value--170,value-H-170,value-I-170,value-J-170,value-K-170,value-L-170,value-M-170,value-N-170,value-O-170,value-P-170,value-Q-170,value-R-170,value-S-170,value-T-170,value-U-170,value-V-170
171,value-A-171,value-B-171,value-C-171,value-D-171,value-E-171,value-F-171,value-G-171,value--171,value-H-171,value-I-171,value-J-171,value-K-171,value-L-171,value-M-171,value-N-171,value-O-171,value-P-171,value-Q-171,value-R-171,value-S-171,value-T-171,value-U-171,value-V-171
172,value-A-172,value-B-172,value-C-172,value-D-172,value-E-172,value-F-172,value-G-172,value--172,value-H-172,value-I-172,value-J-172,value-K-172,value-L-172,value-M-172,value-N-172,value-O-172,value-P-172,value-Q-172,value-R-172,value-S-172,value-T-172,value-U-172,value-V-172
173,value-A-173,value-B-173,value-C-173,value-D-173,value-E-173,value-F-173,value-G-173,value--173,value-H-173,value-I-173,value-J-173,value-K-173,value-L-173,value-M-173,value-N-173,value-O-173,value-P-173,value-Q-173,value-R-173,value-S-173,value-T-173,value-U-173,value-V-173
174,value-A-174,value-B-174,value-C-174,value-D-174,value-E-174,value-F-174,value-G-174,value--174,value-H-174,value-I-174,value-J-174,value-K-174,value-L-174,value-M-174,value-N-174,value-O-174,value-P-174,value-Q-174,value-R-174,value-S-174,value-T-174,value-U-174,value-V-174